<?xml version="1.0" encoding="UTF-8" standalone="yes"?>
<addon id="repository.lotrdev.plugins" name="Amazon Prime Fix Repository" version="1.0.0" provider-name="Lotrdev">
	<extension point="xbmc.addon.repository" name="Amazon Prime Fix Repository">
		<info compressed="false">https://raw.githubusercontent.com/lotrdev/xbmc-amazon-prime-fix/master/addons.xml</info>
		<checksum>https://raw.githubusercontent.com/lotrdev/xbmc-amazon-prime-fix/master/addons.xml.md5</checksum>
		<datadir zip="true">http://github.com/lotrdev/xbmc-amazon-prime-fix/raw/master/repo/</datadir>
	</extension>
	<extension point="xbmc.addon.metadata">
		<summary>Lotrdev unofficial repository aimed at fixing Romans Amazon Prime plugin for Gotham</summary>
		<description>Lotrdev unofficial repository aimed at fixing Romans Amazon Prime plugin for Gotham</description>
		<disclaimer></disclaimer>
		<platform>all</platform>
	</extension>
</addon>
