<?xml version="1.0" encoding="UTF-8"?>
<addon id="plugin.video.creationtoday_org" version="0.9.0" name="Creation Today" provider-name="Romans I XVI">
    <requires>
        <import addon="xbmc.python" version="1.0"/>
        <import addon="script.module.urlresolver" version="0.0.1"/>
    </requires>
    <extension point="xbmc.python.pluginsource" library="default.py">
        <provides>video</provides>
    </extension>
    <extension point="xbmc.addon.metadata">
        <summary>Creation Today</summary>
        <description>Videos from creationtoday.org</description>
        <platform>all</platform>
    </extension>
</addon>

